{
  "config": {
    "feature": {
      "config": {
        "feature": {
          "config": {
            "can_replace": false,
            "project": true,
            "need_water": false,
            "xspread": 10,
            "yspread": 5,
            "zspread": 10,
            "whitelist": [
              {
                "Properties": {
                  "snowy": "false"
                },
                "Name": "minecraft:grass_block"
              }
            ],
            "blacklist": [
              {
                "Name": "minecraft:sand"
              },
              {
                "Name": "minecraft:gravel"
              }
            ],
            "tries": 32,
            "state_provider": {
              "state": {
                "Name": "minecraft:grass"
              },
              "type": "minecraft:simple_state_provider"
            },
            "block_placer": {
              "type": "minecraft:simple_block_placer"
            }
          },
          "name": "minecraft:random_patch"
        },
        "decorator": {
          "config": {
            "outer": {
              "config": {},
              "name": "minecraft:square"
            },
            "inner": {
              "config": {},
              "name": "minecraft:heightmap_spread_double"
            }
          },
          "name": "minecraft:decorated"
        }
      },
      "name": "minecraft:decorated"
    },
    "decorator": {
      "config": {
        "count": 1
      },
      "name": "minecraft:count"
    }
  },
  "name": "minecraft:decorated"
}