
{
  "type": "betagen:betaworld",
     "generator": {
        "type": "minecraft:noise",
        "seed": 1772835215,
        "biome_source": {
          "type": "minecraft:multi_noise",
          "seed": 0,
          "biomes": [
            {
              "biome": "betagen:plains",
              "parameters": {
                "altitude": 0.4,
                "weirdness": 0.2,
                "offset": 0,
                "temperature": 0.2,
                "humidity": 0.05 
              }
            },
            {
              "biome": "betagen:forest",
              "parameters": {
                "altitude": 0.2,
                "weirdness": 0,
                "offset": 0,
                "temperature": 0.0,
                "humidity": 0.0 
              }
            },
            {
              "biome": "betagen:seasonal_forest",
              "parameters": {
                "altitude": 0.3,
                "weirdness": 0,
                "offset": 0,
                "temperature": 0.2,
                "humidity": 0.3 
              }
            },    
            {
              "biome": "betagen:rain_forest",
              "parameters": {
                "altitude": 0.5,
                "weirdness": 0,
                "offset": 0,
                "temperature": 0.5,
                "humidity": 0.5 
              }
            },
            {
              "biome": "betagen:shrubland",
              "parameters": {
                "altitude": 0.3,
                "weirdness": 0.5,
                "offset": 0,
                "temperature": -0.1,
                "humidity": -0.2 
              }
            },
            {
              "biome": "betagen:taiga",
              "parameters": {
                "altitude": 0.3,
                "weirdness": 0,
                "offset": 0,
                "temperature": -0.35,
                "humidity": -0.4 
              }
            },
            {
              "biome": "betagen:tundra",
              "parameters": {
                "altitude": 0.45,
                "weirdness": 0,
                "offset": 0,
                "temperature": -0.45,
                "humidity": -0.5 
              }
            },
            {
              "biome": "betagen:savannah",
              "parameters": {
                "altitude": 0.3,
                "weirdness": 1,
                "offset": 0,
                "temperature": 0.95,
                "humidity": 0.2 
              }
            },
            {
              "biome": "betagen:desert",
              "parameters": {
                "altitude": -0.3,
                "weirdness": 0,
                "offset": 0,
                "temperature": 0.4,
                "humidity": -0.5 
              }
            }
          ]
        },
        "settings": "betagen:neo_beta"
      }
}